{"cameraMode":{"drawMode":0,"name":"Shaded","section":"Shading Mode"},"sceneLighting":true,"audioPlay":false,"sceneViewState":{"showFog":true,"showMaterialUpdate":true,"showSkybox":true,"showFlares":true,"showImageEffects":true,"showParticleSystems":true},"in2DMode":false,"pivot":{"x":-2.555551052093506,"y":15.846056938171387,"z":-17.29494857788086},"rotation":{"x":-0.2480708360671997,"y":-0.26966091990470889,"z":0.07211194932460785,"w":-0.9276652932167053},"size":-2.0367887020111086,"orthographic":false}