{"cameraMode":{"drawMode":0,"name":"Shaded","section":"Shading Mode"},"sceneLighting":true,"audioPlay":false,"sceneViewState":{"showFog":true,"showMaterialUpdate":true,"showSkybox":true,"showFlares":true,"showImageEffects":true,"showParticleSystems":true},"in2DMode":false,"pivot":{"x":11.577725410461426,"y":-6.806960105895996,"z":33.74302673339844},"rotation":{"x":-0.41783925890922549,"y":0.1586388498544693,"z":-0.07435715198516846,"w":-0.8914750814437866},"size":24.31785774230957,"orthographic":false}