{"cameraMode":{"drawMode":0,"name":"Shaded","section":"Shading Mode"},"sceneLighting":false,"audioPlay":false,"sceneViewState":{"showFog":true,"showMaterialUpdate":true,"showSkybox":false,"showFlares":true,"showImageEffects":true,"showParticleSystems":true},"in2DMode":false,"pivot":{"x":11.577725410461426,"y":-6.806960105895996,"z":33.74302673339844},"rotation":{"x":-0.24803009629249574,"y":-0.2516216039657593,"z":0.0668836310505867,"w":-0.9331196546554565},"size":2.8578836917877199,"orthographic":false}