{"cameraMode":{"drawMode":0,"name":"Shaded","section":"Shading Mode"},"sceneLighting":true,"audioPlay":false,"sceneViewState":{"showFog":true,"showMaterialUpdate":true,"showSkybox":true,"showFlares":true,"showImageEffects":true,"showParticleSystems":true},"in2DMode":false,"pivot":{"x":0.39686328172683718,"y":1.528437852859497,"z":16.05843162536621},"rotation":{"x":-0.24803009629249574,"y":-0.2516216039657593,"z":0.0668836310505867,"w":-0.9331196546554565},"size":16.501651763916017,"orthographic":false}